{
    "stlFileName": "Femur.stl",
    "labels": [
      {
        "text": "Fovea capitis",
        "surfacePoint": { "x": 10.326813061675978, "y": 4.7791189670994765, "z": 81.14730270379326 },
        "secondPoint": { "x": 30.25317981731997, "y": 3.4558882540707616, "z": 80.05690442808687 }
      },
      {
        "text": "Condylus",
        "surfacePoint": { "x": 15.140688108341635, "y": -4.7376935952566726, "z": -74.8820080103288 },
        "secondPoint": { "x": 19.1874472279981, "y": 14.832463684132051, "z": -74.08659322075933 }
      },
      {
        "text": "Trochanter minor",
        "surfacePoint": { "x": -1.5127412901604842, "y": 17.391634879562297, "z": 54.65190100886029 },
        "secondPoint": { "x": 66.67774927519761, "y": 73.19037711891488, "z": 25.960887486119447 }
      }
    ]
  }
