{
  "stlFileName": "Femur.stl",
  "labels": [
    {
      "text": "Fovea Capitis",
      "surfacePoint": {
        "x": 10.331374428622928,
        "y": 4.973630807798095,
        "z": 81.00464664117409
      },
      "secondPoint": {
        "x": 30.21223869449917,
        "y": 3.6312132938379573,
        "z": 79.28733733297761
      }
    },
    {
      "text": "Trochanter Minor",
      "surfacePoint": {
        "x": -1.0179462913640833,
        "y": 16.434280479994477,
        "z": 56.10891046172692
      },
      "secondPoint": {
        "x": 34.073718076890394,
        "y": 25.463147994765627,
        "z": 64.19100599855952
      }
    },
    {
      "text": "Trochanter Major",
      "surfacePoint": {
        "x": -10.72900628814785,
        "y": 24.84903229720594,
        "z": 77.02732289985734
      },
      "secondPoint": {
        "x": 20.70388671335698,
        "y": 44.588449689703,
        "z": 76.25643797930591
      }
    },
    {
      "text": "Condylus",
      "surfacePoint": {
        "x": 16.95459255009858,
        "y": -7.593020355856712,
        "z": -80.27539833055805
      },
      "secondPoint": {
        "x": 20.373452557277965,
        "y": -1.4776667818003837,
        "z": -87.26995670943987
      }
    }
  ]
}